"ID","SMR","Calendar","Eng_Speed_Max","Eng_Speed_Ave","Blowby_Press_Max","LF_Exh_Temp_Max","LR_Exh_Temp_Max","RF_Exh_Temp_Max","RR_Exh_Temp_Max","Boost_Press_Max","E_Oil_P_Max","E_Oil_P_Lo_Min","E_Oil_P_Hi_Min","E_Oil_Tmp_Max","Fuel_Rate","Cool_Temp_Max","Cool_Temp_Min","TM_Oil_Temp_Max","Ambient_Temp_Max","Ambient_Temp_Ave","Ambient_Temp_Min","Atomos_Press_Ave","F_Brake_P_Max","R_Brake_P_Max","Travel_Speed_Max","ECO_ON","Machine_Serial"
"87093649","16857.2","2019-03-29 09:50:30","2251","1543","1442.8469460589","732","965","566","718","16620.781074743","6.1180789232181","1.3255837666973","3.9767513000918","97","91.1","81","25","89","24","14","8","840","213.1130824921","212.09340267156","36.2","3901","9550"
"87093648","16837.2","2019-03-28 01:30:18","2249","1556","1417.3549505455","758","874","528","746","16314.877128582","6.2200469052717","1.3255837666973","3.8747833180381","98","90.8","84","30","89","24","18","13","830","213.1130824921","212.09340267156","37.3","3065","9550"
"87093647","16817.2","2019-03-26 23:11:42","2332","1509","1316.4066483124","779","661","753","758","16110.941164474","6.1180789232181","1.2236157846436","3.8747833180381","99","85.4","84","28","81","23","18","13","830","213.1130824921","212.09340267156","36.9","2486","9550"
"87093646","16797.2","2019-03-25 22:25:38","2240","1516","1373.5087182625","769","763","749","727","16110.941164474","6.1180789232181","1.3255837666973","4.0787192821454","99","91.9","86","28","84","27","20","17","830","213.1130824921","212.09340267156","37.3","2810","9550"
"87093645","16777.2","2019-03-24 16:47:58","2248","1542","1388.8039155705","756","748","735","720","16518.813092689","6.3220148873254","1.3255837666973","4.0787192821454","98","94","82","31","82","29","18","10","830","213.1130824921","212.09340267156","37.3","490","9550"
"87093644","16757.3","2019-03-23 08:37:58","2280","1438","1362.2922402366","747","730","708","719","16722.749056796","6.1180789232181","1.3255837666973","4.180687264199","96","86.4","79","38","81","26","12","6","840","214.13276231263","212.09340267156","37.3","1198","9550"
"87093643","16737.3","2019-03-22 06:24:31","2275","1483","1399.0007137759","739","736","716","719","16722.749056796","6.7298868155399","1.3255837666973","3.9767513000918","96","88.3","81","14","81","27","13","7","830","214.13276231263","212.09340267156","38.5","1611","9550"
"87093642","16717.2","2019-03-19 20:54:30","2259","1512","1299.0720913633","746","730","702","667","16722.749056796","6.3220148873254","1.2236157846436","3.8747833180381","96","93.1","80","9","81","23","14","7","830","291.6284286734","290.60874885286","38.1","2780","9550"
"87093641","16697.2","2019-03-18 06:53:29","2247","1503","1307.2295299276","790","776","718","679","16518.813092689","6.0161109411645","1.2236157846436","3.7728153359845","99","93.7","86","35","83","26","17","9","820","189.66044661976","187.62108697869","37","635","9550"
"87093640","16677.2","2019-03-17 01:26:59","2312","1525","1307.2295299276","776","752","754","726","16620.781074743","5.7102069950036","1.2236157846436","3.7728153359845","99","96.5","84","42","82","26","17","11","830","189.66044661976","187.62108697869","37.5","62","9550"
"87093639","16657.2","2019-03-15 23:12:57","2341","1502","1296.0130519017","762","769","738","649","16416.845110635","6.3220148873254","1.2236157846436","3.7728153359845","99","93","85","23","92","24","18","13","830","188.64076679923","187.62108697869","36.5","1247","9550"
"87093638","16637.2","2019-03-14 17:09:27","2242","1504","1364.3315998776","749","759","726","756","16620.781074743","6.2200469052717","1.2236157846436","3.7728153359845","99","93.6","83","28","83","32","18","12","830","188.64076679923","187.62108697869","36.9","2446","9550"
"87093637","16617.2","2019-03-13 10:59:38","2271","1548","1396.9613541348","740","727","717","471","16518.813092689","5.8121749770572","1.2236157846436","3.8747833180381","96","93.3","79","44","82","25","13","10","840","188.64076679923","186.60140715815","38.1","2280","9550"
"87093636","16597.1","2019-03-12 09:08:42","2310","1501","1393.9023146732","727","733","711","729","16722.749056796","5.9141429591108","1.2236157846436","3.7728153359845","98","92","81","39","93","26","12","7","830","188.64076679923","187.62108697869","37.2","2487","9550"
"87093635","16577.1","2019-03-11 06:56:09","2244","1485","1378.6071173651","740","701","713","735","16722.749056796","6.1180789232181","1.12164780259","3.7728153359845","99","91.1","82","5","82","24","11","6","830","189.66044661976","187.62108697869","37.3","4020","9550"
"87093633","16537.1","2019-03-04 22:48:14","2291","1419","1272.5604160294","739","685","734","718","16620.781074743","6.6279188334863","1.12164780259","3.7728153359845","101","86.2","82","18","83","21","15","8","830","189.66044661976","186.60140715815","36.8","275","9550"
"87093634","16557.1","2019-03-06 02:42:56","2337","1471","1304.170490466","737","720","708","721","16518.813092689","6.1180789232181","1.12164780259","3.7728153359845","99","89.7","80","32","82","18","12","9","830","189.66044661976","187.62108697869","37.8","1572","9550"
"87093632","16517.1","2019-03-03 15:49:29","2299","1533","1313.3476088508","740","519","594","706","16518.813092689","5.9141429591108","1.2236157846436","3.7728153359845","101","94.4","82","41","89","20","12","7","830","189.66044661976","186.60140715815","36.4","1614","9550"
"87093630","16477","2019-03-01 10:14:09","2352","1438","1283.7768940553","751","679","732","715","16314.877128582","6.3220148873254","1.3255837666973","3.8747833180381","97","84.8","82","30","82","21","15","8","820","189.66044661976","187.62108697869","36.9","3517","9550"
"87093615","16176.8","2019-02-10 11:38:26","2237","1559","1178.74987254","725","573","718","651","16416.845110635","5.8121749770572","1.2236157846436","3.8747833180381","94","86.6","79","40","81","22","13","8","830","189.66044661976","187.62108697869","36.9","584","9550"
"87093616","16196.8","2019-02-11 14:51:49","2277","1535","1213.4189864383","416","530","713","704","16518.813092689","5.7102069950036","1.2236157846436","3.9767513000918","93","84.8","79","40","87","25","11","6","830","188.64076679923","186.60140715815","37.4","590","9550"
"87093631","16497.1","2019-03-02 13:48:34","2293","1474","1359.233200775","734","610","708","715","16824.71703885","6.2200469052717","1.2236157846436","3.8747833180381","99","90","79","37","93","20","9","2","820","190.6801264403","188.64076679922","37.1","238","9550"
"87093629","16457","2019-02-27 22:59:29","2235","1482","1271.5407362088","745","699","721","756","16416.845110635","6.0161109411645","1.2236157846436","3.9767513000918","98","88.5","84","26","82","22","15","9","830","188.64076679923","186.60140715815","36.4","519","9550"
"87093628","16437","2019-02-26 16:37:57","2286","1422","1297.0327317222","345","635","450","701","16620.781074743","6.0161109411645","1.3255837666973","3.9767513000918","96","83.8","79","40","82","20","10","6","830","189.66044661976","187.62108697869","37.4","1580","9550"
"87093627","16417","2019-02-25 14:29:50","2255","1515","1339.8592841848","736","637","496","714","16722.749056796","5.4043030488427","1.3255837666973","3.9767513000918","96","93.1","80","36","87","19","11","6","830","188.64076679923","187.62108697869","38.1","1079","9550"
"87093626","16397","2019-02-24 10:50:17","2284","1484","1252.1668196186","716","616","460","714","16518.813092689","6.0161109411645","1.3255837666973","3.9767513000918","95","87","79","37","84","25","11","7","840","189.66044661976","188.64076679922","36.6","324","9550"
"87093625","16377","2019-02-23 08:22:59","2393","1492","1224.6354644642","717","727","615","722","16824.71703885","6.2200469052717","1.2236157846436","3.9767513000918","95","89","79","17","89","18","9","1","840","190.6801264403","188.64076679922","38.6","1575","9550"
"87093624","16356.9","2019-02-21 18:17:22","2297","1487","1302.1311308249","439","567","399","729","16926.685020903","5.7102069950036","1.2236157846436","3.8747833180381","95","89.4","79","36","82","19","6","1","840","189.66044661976","187.62108697869","37.8","295","9550"
"87093623","16336.9","2019-02-20 16:12:24","2307","1481","1314.3672886714","695","560","399","729","16926.685020903","6.0161109411645","1.2236157846436","3.8747833180381","95","89.5","80","36","82","16","8","2","830","189.66044661976","187.62108697869","37.2","500","9550"
"87093622","16316.9","2019-02-19 14:09:21","2300","1477","1283.7768940553","710","535","727","730","16824.71703885","6.0161109411645","1.3255837666973","3.8747833180381","96","88.4","80","39","83","17","9","5","830","189.66044661976","187.62108697869","36.8","354","9550"
"87093621","16296.9","2019-02-18 10:09:47","2302","1443","1293.9736922606","720","707","669","704","16824.71703885","6.2200469052717","1.3255837666973","4.2826552462527","95","78.5","79","24","85","20","10","5","830","189.66044661976","187.62108697869","39.2","555","9550"
"87093620","16276.9","2019-02-16 22:27:37","2325","1517","1261.3439380035","741","729","562","728","16416.845110635","6.6279188334863","1.4275517487509","4.2826552462527","94","86","81","15","87","21","13","9","830","189.66044661976","187.62108697869","37.3","526","9550"
"87093619","16256.9","2019-02-15 08:43:33","2390","1454","1364.3315998776","682","600","684","701","16722.749056796","6.2200469052717","1.3255837666973","4.0787192821454","92","79.1","77","34","83","16","10","3","840","189.66044661976","187.62108697869","38.3","1291","9550"
"87093618","16236.9","2019-02-14 01:34:45","2306","1511","1356.1741613133","691","574","686","654","16926.685020903","6.3220148873254","1.3255837666973","3.9767513000918","92","84.3","77","28","81","14","6","2","840","189.66044661976","187.62108697869","36.2","900","9550"
"87093613","16136.8","2019-02-08 00:05:28","2261","1489","1203.2221882329","695","570","645","692","16926.685020903","6.1180789232181","1.3255837666973","3.8747833180381","93","81.2","77","22","90","18","8","1","840","189.66044661976","187.62108697869","37.9","801","9550"
"87093614","16156.8","2019-02-09 08:32:49","2243","1550","1197.1041093097","715","611","701","699","16620.781074743","6.2200469052717","1.2236157846436","3.8747833180381","94","84.8","78","29","80","24","11","6","840","188.64076679923","187.62108697869","36.3","1903","9550"
"87093611","16096.8","2019-02-05 15:01:27","2263","1440","1218.5173855409","709","607","677","634","17028.653002957","5.8121749770572","1.3255837666973","3.8747833180381","90","75.1","76","32","80","11","3","0","840","189.66044661976","187.62108697869","37.8","287","9550"
"87093612","16116.8","2019-02-06 17:25:26","2249","1562","1188.9466707454","708","675","681","676","17028.653002957","5.9141429591108","1.3255837666973","3.9767513000918","92","85.2","77","36","90","19","4","0","840","188.64076679923","187.62108697869","38.1","323","9550"
"87093610","16076.7","2019-02-04 11:08:41","2324","1474","1271.5407362088","720","694","688","579","16926.685020903","5.9141429591108","1.2236157846436","3.8747833180381","93","79.1","78","36","90","19","9","3","830","189.66044661976","187.62108697869","38.4","454","9550"
"87093609","16056.7","2019-02-03 09:01:37","2234","1553","1158.3562761293","714","688","708","720","16824.71703885","6.5259508514327","1.3255837666973","3.8747833180381","94","84.8","79","18","89","26","13","7","830","189.66044661976","187.62108697869","37.1","602","9550"
"87093608","16036.7","2019-02-01 21:25:57","2242","1502","1200.1631487713","731","567","469","683","16824.71703885","6.2200469052717","1.2236157846436","3.8747833180381","95","83.2","79","40","80","26","13","8","840","189.66044661976","188.64076679922","36.9","1777","9550"
"95222568","14523","2019-03-12 06:59:49","2366","1434","730.09075150403","969","938","689","969","18150.300805547","5.7102069950036","1.0196798205363","3.7728153359845","97","84.2","82","38","88","20","11","6","840","195.77852554298","195.77852554298","36.9","2759","9551"
"95222569","14543","2019-03-13 09:15:43","2382","1474","735.18915060671","969","940","677","969","18150.300805547","5.9141429591108","1.0196798205363","3.7728153359845","95","85.8","81","42","84","26","12","9","850","195.77852554298","196.79820536352","36.7","963","9551"
"95222570","14563","2019-03-14 17:46:35","2314","1447","770.87794432548","969","963","713","969","18048.332823493","6.3220148873254","1.0196798205363","3.6708473539309","102","85.5","88","28","84","29","18","12","850","195.77852554298","195.77852554298","37.3","3301","9551"
"95222571","14583.1","2019-03-16 00:20:54","2348","1539","665.85092281024","969","938","704","969","17946.36484144","6.3220148873254","0.91771183848272","3.5688793718772","100","92.3","86","22","82","23","18","12","840","195.77852554298","195.77852554298","37","978","9551"
"95222580","14763.2","2019-03-27 11:58:31","2333","1523","687.2641990415","969","941","714","969","17640.460895279","6.0161109411645","1.0196798205363","3.6708473539309","97","84.5","85","32","82","24","17","12","840","195.77852554298","195.77852554298","36.1","309","9551"
"95222579","14743.2","2019-03-26 09:04:48","2396","1474","668.90996227185","969","945","719","969","17742.428877333","6.1180789232181","0.91771183848272","3.5688793718772","100","85","87","27","85","27","19","14","840","195.77852554298","195.77852554298","36.5","939","9551"
"95222578","14723.2","2019-03-25 01:58:27","2307","1538","686.24451922096","969","943","707","969","17844.396859386","5.9141429591108","0.91771183848272","3.5688793718772","100","91.6","86","25","83","27","18","11","840","195.77852554298","195.77852554298","36.7","1632","9551"
"95222577","14703.2","2019-03-23 18:57:20","2447","1460","668.90996227185","969","931","692","969","17946.36484144","5.9141429591108","1.0196798205363","3.6708473539309","98","86.8","83","41","89","25","14","8","850","195.77852554298","195.77852554298","37.3","733","9551"
"95222576","14683.2","2019-03-22 15:35:45","2254","1501","704.59875599062","969","967","682","969","18048.332823493","6.423982869379","1.0196798205363","3.7728153359845","97","88.4","82","16","80","20","12","7","850","195.77852554298","196.79820536352","37.7","245","9551"
"95222575","14663.2","2019-03-20 20:24:49","2416","1494","665.85092281024","966","935","685","969","18048.332823493","6.0161109411645","1.0196798205363","3.6708473539309","99","88.8","84","42","82","28","14","8","840","195.77852554298","195.77852554298","37","1520","9551"
"95222574","14643.1","2019-03-19 15:59:11","2273","1551","705.61843581115","968","934","692","969","18048.332823493","6.2200469052717","1.0196798205363","3.6708473539309","98","93.5","82","20","82","23","13","7","840","195.77852554298","195.77852554298","36.8","311","9551"
"95222573","14623.1","2019-03-18 09:24:49","2278","1541","720.9136331192","969","938","718","969","17946.36484144","6.6279188334863","1.0196798205363","3.6708473539309","100","92.5","88","25","86","26","16","9","840","195.77852554298","195.77852554298","39.8","1416","9551"
"95222567","14503","2019-03-11 01:36:52","2365","1405","751.50402773529","969","944","659","969","18558.172733762","6.2200469052717","1.0196798205363","3.7728153359845","95","81.2","80","27","80","13","6","1","850","195.77852554298","195.77852554298","37.5","1153","9551"
"95222566","14482.9","2019-03-09 19:43:30","2420","1470","721.93331293974","969","938","670","969","18150.300805547","5.8121749770572","1.0196798205363","3.5688793718772","100","84.4","86","18","88","22","14","5","840","195.77852554298","195.77852554298","36.4","1533","9551"
"95908668","18166.7","2019-03-10 01:10:24","2287","1484","1047.2111756908","-32768","-32768","969","-32768","18048.332823493","5.8121749770572","1.2236157846436","3.9767513000918","97","84.7","80","18","89","22","12","3","840","194.75884572244","197.81788518405","37.3","1473","9535"
"95222565","14462.9","2019-03-08 14:39:14","2291","1475","735.18915060671","969","945","675","969","18150.300805547","5.8121749770572","1.0196798205363","3.6708473539309","98","86","84","41","82","26","14","8","840","195.77852554298","195.77852554298","37.6","293","9551"
"95222562","14402.9","2019-03-05 00:57:31","2256","1454","735.18915060671","968","968","682","969","18354.236769654","6.423982869379","1.0196798205363","3.6708473539309","98","86.7","84","18","81","28","14","8","840","195.77852554298","195.77852554298","37.3","141","9551"
"95222564","14442.9","2019-03-07 10:39:21","2377","1529","761.70082594065","969","936","689","969","18048.332823493","5.8121749770572","1.0196798205363","3.6708473539309","97","93.1","83","40","81","18","13","9","840","196.79820536352","196.79820536352","37","234","9551"
"95222563","14422.9","2019-03-06 08:21:39","2296","1502","761.70082594065","969","948","670","969","18252.268787601","6.1180789232181","1.0196798205363","3.7728153359845","96","90.1","81","30","81","18","12","7","840","195.77852554298","195.77852554298","37.1","541","9551"
"96219909","31966.9","2019-02-01 00:35:39","2249","1512","1096.1558070766","-32768","-32768","969","-32768","15091.261343938","6.1180789232181","1.2236157846436","3.9767513000918","93","79.5","74","27","71","22","11","6","830","197.81788518405","195.77852554298","37.6","1911","J20150"
"96219910","31986.9","2019-02-02 09:05:46","2242","1514","1113.4903640257","-32768","-32768","969","-32768","15091.261343938","6.0161109411645","1.2236157846436","3.6708473539309","93","80.1","74","15","74","23","12","7","830","198.83756500459","197.81788518405","38","485","J20150"
"96219911","32007","2019-02-03 17:03:58","2247","1492","1121.64780259","-32768","-32768","969","-32768","14989.293361884","6.0161109411645","1.2236157846436","3.8747833180381","94","78.3","76","25","85","23","13","9","830","199.85724482513","197.81788518405","37.9","386","J20150"
"96219912","32027","2019-02-04 19:24:32","2412","1403","1262.363617824","-32768","-32768","969","-32768","15193.229325992","6.3220148873254","1.3255837666973","3.9767513000918","89","73.9","70","25","75","15","5","1","830","198.83756500459","195.77852554298","39","65","J20150"
"96219913","32047","2019-02-05 23:04:25","2253","1407","1396.9613541348","-32768","-32768","969","-32768","15091.261343938","6.0161109411645","1.4275517487509","4.3846232283063","85","74.7","65","21","70","13","3","-1","840","197.81788518405","195.77852554298","37.5","1374","J20150"
"96219914","32067","2019-02-07 07:38:22","2275","1561","1192.005710207","-32768","-32768","969","-32768","15397.165290099","6.2200469052717","1.3255837666973","4.180687264199","88","87.1","68","15","73","18","4","0","840","197.81788518405","195.77852554298","38.2","1685","J20150"
"96219915","32087","2019-02-08 11:53:15","2261","1553","1477.5160599572","-32768","969","969","-32768","15193.229325992","6.0161109411645","1.2236157846436","3.8747833180381","92","86.2","72","24","71","21","9","2","840","198.83756500459","195.77852554298","38.7","269","J20150"
"96219916","32107","2019-02-09 16:44:10","2278","1570","1115.5297236668","-32768","969","969","-32768","14989.293361884","5.6082390129499","1.2236157846436","3.9767513000918","93","84.3","74","32","73","23","12","6","830","197.81788518405","195.77852554298","38.6","225","J20150"
"96219917","32127.1","2019-02-11 01:40:04","2253","1595","1415.3155909045","-32768","969","969","-32768","14989.293361884","5.9141429591108","1.2236157846436","3.9767513000918","94","86.7","74","29","71","22","12","9","830","197.81788518405","194.75884572244","38.5","3341","J20150"
"96219918","32147.1","2019-02-12 19:09:52","2244","1486","1370.4496788009","-32768","969","969","-32768","15193.229325992","6.1180789232181","1.3255837666973","4.180687264199","93","85.6","72","17","70","13","5","1","830","196.79820536352","193.73916590191","38.5","1089","J20150"
"96219919","32167.1","2019-02-14 01:15:14","2334","1423","1244.0093810543","-32768","969","969","-32768","15091.261343938","6.1180789232181","1.3255837666973","3.9767513000918","86","77.7","68","21","68","16","6","2","840","197.81788518405","194.75884572244","37.8","268","J20150"
"96219920","32187.1","2019-02-15 06:50:56","2276","1476","1265.4226572856","-32768","969","969","-32768","15091.261343938","5.8121749770572","1.3255837666973","4.0787192821454","89","78.7","72","31","73","19","9","4","840","197.81788518405","195.77852554298","37.6","517","J20150"
"96223374","17861.6","2019-02-10 19:54:11","2337","1405","1871.1124706842","-32768","109","-32768","679","17232.588967064","4.5885591924136","0.81574385642908","3.2629754257163","105","79.7","78","32","81","23","14","10","840","195.77852554298","197.81788518405","39","1847","9534"
"96223375","17881.6","2019-02-11 21:41:30","2244","1475","2007.7495666361","-32768","383","-32768","677","17640.460895279","4.5885591924136","0.81574385642908","3.2629754257163","106","86.4","77","39","83","13","8","5","840","195.77852554298","196.79820536352","37.4","2033","9534"
"96223376","17901.6","2019-02-13 09:09:29","2291","1403","2135.2095442031","-32768","365","-32768","651","17844.396859386","5.0983991026818","0.81574385642908","3.36494340777","104","75.6","75","20","75","10","4","2","840","195.77852554298","197.81788518405","36.7","2","9534"
"96223377","17921.6","2019-02-14 11:20:56","2384","1435","2130.1111451004","-32768","227","-32768","664","17640.460895279","4.6905271744672","0.81574385642908","3.2629754257163","104","79.5","76","40","85","15","8","4","850","196.79820536352","197.81788518405","37.5","526","9534"
"96223378","17941.7","2019-02-15 23:34:36","2287","1456","2074.0287549709","-32768","246","-32768","682","17436.524931172","5.6082390129499","0.81574385642908","3.36494340777","103","79.4","79","25","80","22","12","7","840","195.77852554298","196.79820536352","37.1","2326","9534"
"96223402","18424.5","2019-03-22 11:48:02","2235","1471","678.08708065667","-32768","300","-32768","-32768","19169.980626083","5.5062710308963","0.91771183848272","3.6708473539309","100","90.6","79","16","78","21","12","6","840","198.83756500459","199.85724482512","36.3","4830","9534"
"96223403","18444.5","2019-03-23 16:46:35","2279","1450","659.73284388702","-32768","108","-32768","-32768","19169.980626083","4.8944631385745","0.81574385642908","3.6708473539309","100","87.6","80","37","79","31","14","7","840","197.81788518405","198.83756500459","36.8","1154","9534"
"96223404","18464.5","2019-03-24 23:47:10","2237","1547","686.24451922096","-32768","273","-32768","-32768","17640.460895279","5.302335066789","0.81574385642908","3.2629754257163","102","97.6","83","24","81","28","18","13","840","198.83756500459","198.83756500459","37","2369","9534"
"96223383","18041.7","2019-02-22 16:04:11","2269","1461","2459.4677271337","-32768","346","-32768","673","17640.460895279","4.7924951565209","0.71377587437545","2.4472315692872","117","87.8","76","15","83","17","9","1","840","195.77852554298","197.81788518405","36","2716","9534"
"96223384","18061.7","2019-02-23 20:21:41","2313","1462","2385.0311002345","-32768","303","-32768","675","17538.492913225","4.4865912103599","0.71377587437545","2.4472315692872","120","89.1","77","27","81","26","11","7","840","195.77852554298","196.79820536352","37.4","91","9534"
"96223385","18081.8","2019-02-25 02:25:31","2256","1476","2421.7395737738","-32768","393","-32768","666","17538.492913225","4.6905271744672","0.71377587437545","2.4472315692872","119","91.5","78","33","79","19","11","3","840","195.77852554298","197.81788518405","37.6","1053","9534"
"96223386","18101.8","2019-02-26 09:17:44","2286","1417","2462.5267665953","-32768","384","-32768","670","17436.524931172","4.4865912103599","0.71377587437545","2.9570714795554","111","83.7","77","35","86","16","9","5","840","196.79820536352","197.81788518405","38.2","3260","9534"
"96223398","18344.4","2019-03-16 14:58:48","2330","1467","667.89028245131","-32768","309","-32768","913","17538.492913225","5.7102069950036","0.81574385642908","3.5688793718772","104","88.2","83","13","88","25","17","11","840","198.83756500459","199.85724482512","37.7","2243","9534"
"96223379","17961.7","2019-02-17 19:37:08","2258","1465","2182.1148159478","-32768","390","-32768","699","17232.588967064","5.6082390129499","0.81574385642908","2.9570714795554","107","84.3","80","14","81","19","13","6","840","195.77852554298","197.81788518405","37.8","461","9534"
"95222560","14362.9","2019-03-02 15:49:42","2389","1478","773.93698378709","969","945","676","969","18558.172733762","6.0161109411645","1.0196798205363","3.7728153359845","96","87.5","80","38","92","20","9","2","830","195.77852554298","195.77852554298","37.4","271","9551"
"96219949","32767.7","2019-03-28 08:47:30","2338","1487","1665.1371469359","-32768","969","-32768","-32768","16722.749056796","6.1180789232181","0.91771183848272","3.36494340777","111","82.6","93","14","90","25","17","9","830","198.83756500459","197.81788518405","38.3","752","J20150"
"96219947","32727.7","2019-03-24 19:31:44","2386","1550","1467.3192617518","-32768","969","-32768","929","16722.749056796","5.8121749770572","0.91771183848272","3.36494340777","113","91.1","94","23","92","30","17","12","830","198.83756500459","197.81788518405","40.8","606","J20150"
"95222559","14342.9","2019-03-01 11:50:59","2289","1538","776.9960232487","969","933","684","969","18150.300805547","5.9141429591108","1.0196798205363","3.7728153359845","98","90","82","42","81","23","14","9","830","195.77852554298","195.77852554298","37.1","385","9551"
"95222558","14322.8","2019-02-28 09:50:03","2260","1413","754.5630671969","969","940","706","969","18252.268787601","6.423982869379","1.0196798205363","3.6708473539309","102","82.3","85","22","81","22","15","8","840","196.79820536352","196.79820536352","37.8","2042","9551"
"95222557","14302.8","2019-02-26 21:40:28","2285","1389","813.70449678801","969","935","671","969","18456.204751708","6.7298868155399","0.91771183848272","3.6708473539309","103","76.7","82","1","82","20","11","2","840","196.79820536352","197.81788518405","36.9","7767","9551"
"95222555","14262.5","2019-02-12 11:07:24","2279","1493","711.73651473437","969","-32768","675","969","18456.204751708","6.0161109411645","1.12164780259","3.7728153359845","93","82.3","79","22","79","13","7","2","840","195.77852554298","195.77852554298","38.3","1854","9551"
"96223373","17841.6","2019-02-09 16:24:19","2251","1494","1934.3326195575","-32768","279","-32768","678","17640.460895279","4.4865912103599","0.81574385642908","3.1610074436627","108","86.8","79","39","82","25","12","7","840","196.79820536352","197.81788518405","37.7","3438","9534"
"96223366","17701.5","2019-02-01 02:40:49","2309","1519","1782.4003262975","-32768","353","-32768","693","17130.620985011","4.6905271744672","0.81574385642908","3.1610074436627","107","87.3","78","38","79","21","11","5","850","197.81788518405","197.81788518405","37.3","1899","9534"
"95222582","14803.2","2019-03-29 22:30:42","2462","1578","651.57540532273","969","943","690","969","18048.332823493","6.2200469052717","1.0196798205363","3.6708473539309","98","92.2","84","25","88","22","15","8","850","195.77852554298","195.77852554298","37.6","385","9551"
"96223369","17761.5","2019-02-04 18:10:23","2215","1505","1808.9120016315","-32768","262","-32768","685","17232.588967064","4.6905271744672","0.81574385642908","3.36494340777","103","84.5","78","34","89","15","6","1","840","195.77852554298","197.81788518405","36.4","934","9534"
"100803926","34077.7","2019-02-28 14:57:10","2254","1454","383.39961252167","-32768","969","969","937","16212.909146528","6.0161109411645","1.12164780259","3.5688793718772","99","90.7","83","29","82","25","17","12","830","204.95564392781","204.95564392781","37.2","331","J20141"
"96219948","32747.7","2019-03-26 17:05:53","2423","1502","1437.7485469563","-32768","969","-32768","875","16722.749056796","6.1180789232181","0.91771183848272","3.36494340777","111","84","92","18","93","27","18","12","830","197.81788518405","195.77852554298","39.7","1143","J20150"
"100803928","34117.8","2019-03-02 19:53:37","2442","1470","401.75384929132","-32768","969","969","-32768","16722.749056796","6.2200469052717","1.12164780259","3.6708473539309","97","93","81","33","82","19","9","3","830","204.95564392781","205.97532374834","37.3","2160","J20141"
"96223370","17781.5","2019-02-05 20:10:50","2328","1496","1929.2342204548","-32768","100","-32768","652","17538.492913225","4.6905271744672","0.81574385642908","3.36494340777","102","82.9","76","31","85","10","3","0","850","195.77852554298","197.81788518405","36.3","1483","9534"
"96219944","32667.6","2019-03-19 13:31:13","2259","1488","1460.1815030081","-32768","969","-32768","-32768","17232.588967064","5.9141429591108","1.0196798205363","3.5688793718772","105","87.9","88","25","85","19","12","7","830","195.77852554298","193.73916590191","38","143","J20150"
"96219945","32687.6","2019-03-21 18:19:30","2296","1443","1384.7251962884","-32768","969","-32768","-32768","16722.749056796","6.0161109411645","1.0196798205363","3.5688793718772","104","82.7","87","14","83","24","13","8","830","197.81788518405","195.77852554298","38.1","1069","J20150"
"95908647","17746.3","2019-02-12 16:11:07","2258","1510","981.95166717651","921","-32768","967","-32768","18354.236769654","6.423982869379","1.12164780259","3.8747833180381","93","81.3","76","14","76","14","8","2","840","192.71948608137","194.75884572244","37.3","1890","9535"
"96219946","32707.7","2019-03-23 09:49:21","2314","1491","1511.1654940349","-32768","969","969","-32768","16824.71703885","6.2200469052717","1.0196798205363","3.5688793718772","104","85","86","31","83","19","11","6","830","199.85724482513","198.83756500459","39.8","2006","J20150"
"96219942","32627.6","2019-03-17 00:59:55","2381","1477","1518.3032527786","-32768","969","-32768","-32768","16620.781074743","5.5062710308963","0.91771183848272","3.4669113898236","111","84.9","95","40","92","25","16","10","830","195.77852554298","193.73916590191","37.8","226","J20150"
"96223406","18504.6","2019-03-27 13:38:34","2240","1477","625.06372998878","-32768","244","-32768","-32768","17334.556949118","5.6082390129499","0.81574385642908","3.5688793718772","102","86.6","83","30","80","23","17","11","840","198.83756500459","198.83756500459","38.2","4490","9534"
"96223407","18524.6","2019-03-28 15:52:45","2380","1483","701.53971652901","-32768","182","-32768","-32768","17640.460895279","4.9964311206281","0.91771183848272","3.6708473539309","101","90.1","82","32","85","27","16","10","840","198.83756500459","199.85724482512","36.5","4510","9534"
"96223408","18544.6","2019-03-29 22:26:57","2276","1501","662.79188334863","-32768","152","-32768","-32768","17844.396859386","5.4043030488427","0.81574385642908","3.6708473539309","103","94.4","82","25","91","25","15","8","840","198.83756500459","199.85724482512","36.6","33","9534"
"87093617","16216.8","2019-02-12 19:41:00","2252","1525","1266.4423371061","695","620","509","610","16824.71703885","6.423982869379","1.3255837666973","3.9767513000918","91","86.9","76","20","79","10","5","1","830","189.66044661976","187.62108697869","36.5","253","9550"
"96223405","18484.5","2019-03-26 07:07:45","2267","1448","650.55572550219","-32768","267","-32768","-32768","17334.556949118","5.0983991026818","0.81574385642908","3.6708473539309","104","86","84","28","81","26","19","14","840","198.83756500459","199.85724482512","36.7","3597","9534"
"96219943","32647.6","2019-03-18 06:41:34","2244","1513","1460.1815030081","-32768","969","-32768","-32768","16620.781074743","5.6082390129499","1.0196798205363","3.4669113898236","111","88.2","97","33","92","23","16","9","830","197.81788518405","195.77852554298","38.3","216","J20150"
"96219941","32607.6","2019-03-15 22:52:15","2288","1448","1579.4840420108","-32768","969","-32768","-32768","16824.71703885","5.8121749770572","1.0196798205363","3.4669113898236","109","82.6","95","18","95","25","18","12","830","195.77852554298","193.73916590191","37.9","570","J20150"
"96223390","18181.9","2019-03-02 23:20:32","2274","1451","2440.0938105435","-32768","101","-32768","686","17640.460895279","4.3846232283063","0.71377587437545","2.7531355154482","114","87","78","39","79","17","9","2","830","195.77852554298","196.79820536352","37.7","34","9534"
"96219939","32567.5","2019-03-12 16:18:53","2309","1523","1346.9970429285","-32768","-32768","-32768","-32768","16518.813092689","5.5062710308963","1.12164780259","3.6708473539309","98","89.2","79","32","76","27","12","8","830","197.81788518405","195.77852554298","39.1","15","J20150"
"96219940","32587.6","2019-03-14 15:47:47","2243","1519","1480.5750994188","-32768","969","-32768","-32768","16620.781074743","6.3220148873254","0.91771183848272","3.4669113898236","109","90.3","93","14","90","30","14","9","830","195.77852554298","193.73916590191","39.8","381","J20150"
"96219937","32527.5","2019-03-09 23:30:04","2323","1456","1381.6661568268","-32768","-32768","-32768","-32768","16620.781074743","6.1180789232181","1.12164780259","3.8747833180381","100","82.4","81","15","89","23","12","3","830","195.77852554298","193.73916590191","37.5","1375","J20150"
"96219938","32547.5","2019-03-11 14:24:04","2359","1493","1482.6144590599","-32768","-32768","-32768","-32768","16620.781074743","6.2200469052717","1.2236157846436","3.9767513000918","94","85.4","75","17","78","19","6","1","830","195.77852554298","193.73916590191","38.8","611","J20150"
"96219936","32507.5","2019-03-08 17:03:18","2349","1443","1376.5677577241","-32768","-32768","-32768","-32768","16518.813092689","5.7102069950036","1.12164780259","3.6708473539309","104","83.6","85","34","81","25","14","8","830","195.77852554298","193.73916590191","38","196","J20150"
"96219935","32487.5","2019-03-07 14:57:49","2313","1494","1383.7055164678","-32768","-32768","-32768","-32768","16620.781074743","5.7102069950036","1.12164780259","3.7728153359845","98","88.4","80","31","78","23","13","9","830","194.75884572244","192.71948608137","38.5","77","J20150"
"96219934","32467.5","2019-03-06 10:44:57","2313","1493","1420.4139900071","-32768","-32768","-32768","-32768","16722.749056796","5.8121749770572","1.12164780259","3.6708473539309","97","87.8","78","28","76","20","12","8","830","195.77852554298","194.75884572244","37.3","975","J20150"
"96219933","32447.4","2019-03-05 02:58:21","2314","1422","1315.3869684919","-32768","-32768","-32768","-32768","16926.685020903","6.3220148873254","1.12164780259","3.5688793718772","99","79.9","79","18","77","22","14","8","830","194.75884572244","192.71948608137","36.9","1306","J20150"
"96219932","32427.4","2019-03-03 20:33:31","2243","1525","1456.1027837259","-32768","-32768","-32768","-32768","16824.71703885","5.6082390129499","1.12164780259","3.6708473539309","97","87.2","78","34","76","26","12","7","830","194.75884572244","192.71948608137","38.2","170","J20150"
"100803940","34358","2019-03-19 08:32:07","2445","1492","366.06505557255","-32768","969","969","967","16416.845110635","6.5259508514327","1.0196798205363","3.5688793718772","107","100","88","12","87","28","15","8","840","206.99500356888","206.99500356888","38","3667","J20141"
"100803941","34378","2019-03-20 10:53:51","2289","1482","387.47833180381","-32768","969","969","940","32323.850311002","5.8121749770572","1.0196798205363","3.6708473539309","98","97.8","80","35","82","22","13","8","840","204.95564392781","204.95564392781","39.1","1747","J20141"
"95222548","14122.3","2019-02-02 11:22:42","2311","1531","674.00836137453","969","-32768","666","969","18354.236769654","6.1180789232181","1.12164780259","3.7728153359845","96","85.1","80","21","86","29","12","7","850","195.77852554298","195.77852554298","37.2","772","9551"
"95222553","14222.4","2019-02-08 17:32:07","2248","1439","712.75619455491","969","-32768","681","969","18252.268787601","5.7102069950036","1.12164780259","3.8747833180381","94","75.6","79","29","80","23","11","7","850","195.77852554298","195.77852554298","36.2","827","9551"
"95222551","14182.4","2019-02-06 02:20:29","2262","1535","696.44131742633","969","-32768","642","969","18762.108697869","5.9141429591108","1.12164780259","3.8747833180381","93","85.2","77","33","78","13","3","0","860","195.77852554298","196.79820536352","36.2","274","9551"
"95222552","14202.4","2019-02-07 11:02:02","2302","1540","684.20515957989","969","-32768","656","969","18762.108697869","5.9141429591108","1.12164780259","3.8747833180381","93","85.7","77","18","80","12","5","0","860","195.77852554298","196.79820536352","36.9","1361","9551"
"95222550","14162.4","2019-02-05 00:01:12","2288","1433","718.87427347813","969","-32768","647","969","18660.140715815","6.423982869379","1.12164780259","3.8747833180381","93","75.2","78","26","87","16","5","0","850","195.77852554298","195.77852554298","37.8","180","9551"
"96219930","32387.4","2019-03-01 15:46:06","2258","1486","1397.9810339553","-32768","-32768","-32768","-32768","16518.813092689","5.5062710308963","1.0196798205363","3.5688793718772","101","86","81","37","91","22","14","9","820","195.77852554298","193.73916590191","38.1","256","J20150"
"96219929","32367.4","2019-02-28 11:45:37","2262","1472","1419.3943101866","-32768","923","-32768","-32768","16416.845110635","5.9141429591108","1.0196798205363","3.5688793718772","101","81.3","83","29","79","22","15","12","820","194.75884572244","192.71948608137","38","210","J20150"
"96219928","32347.4","2019-02-27 07:41:53","2279","1440","1457.1224635464","-32768","-32768","-32768","-32768","16416.845110635","5.9141429591108","1.12164780259","3.6708473539309","97","82.6","76","20","75","18","11","4","830","195.77852554298","193.73916590191","39.2","359","J20150"
"95908659","17986.4","2019-02-26 21:27:11","2401","1483","832.05873355766","-32768","-32768","-32768","-32768","17742.428877333","5.6082390129499","1.12164780259","3.8747833180381","95","82.3","76","38","79","19","11","6","840","197.81788518405","199.85724482512","37.6","573","9535"
"100803931","34177.8","2019-03-06 15:48:28","2418","1569","409.91128785561","-32768","969","969","-32768","16314.877128582","6.0161109411645","1.0196798205363","3.5688793718772","99","105.2","83","41","83","21","13","8","840","203.93596410727","204.95564392781","38","1046","J20141"
"95222549","14142.4","2019-02-03 17:06:49","2250","1518","677.06740083614","969","-32768","655","969","18150.300805547","6.1180789232181","1.12164780259","3.8747833180381","95","81.3","80","31","89","21","14","9","840","195.77852554298","195.77852554298","36.5","227","9551"
"95908683","18467","2019-03-29 17:53:20","2429","1567","1202.2025084124","-32768","-32768","926","-32768","24880.187621087","6.0161109411645","1.12164780259","3.7728153359845","98","90.7","79","24","86","24","16","8","840","192.71948608137","194.75884572244","37","178","9535"
"96223399","18364.4","2019-03-17 17:17:59","2218","1455","681.14612011828","-32768","263","-32768","-32768","17436.524931172","5.2003670847354","0.81574385642908","3.5688793718772","104","89.8","85","31","82","25","19","13","840","198.83756500459","199.85724482512","37.1","58","9534"
"96223400","18384.4","2019-03-18 20:15:14","2318","1491","699.50035688794","-32768","228","-32768","-32768","17844.396859386","4.9964311206281","0.81574385642908","3.6708473539309","103","94.2","82","38","79","20","13","9","830","198.83756500459","199.85724482512","40.6","1896","9534"
"95908681","18426.9","2019-03-27 01:53:55","2302","1595","1115.5297236668","-32768","-32768","922","-32768","17130.620985011","5.8121749770572","1.12164780259","3.7728153359845","99","89.9","81","30","79","22","18","13","840","193.73916590191","196.79820536352","37.8","984","9535"
"95908682","18446.9","2019-03-28 11:22:28","2304","1519","1187.9269909248","-32768","-32768","933","-32768","18660.140715815","6.0161109411645","1.12164780259","3.7728153359845","100","86.6","80","28","80","25","18","11","840","193.73916590191","195.77852554298","37.8","1697","9535"
"96223401","18404.5","2019-03-20 17:58:43","2265","1403","684.20515957989","-32768","288","-32768","-32768","18150.300805547","5.4043030488427","0.81574385642908","3.6708473539309","101","83.5","81","23","79","27","14","8","840","198.83756500459","199.85724482512","37.2","5221","9534"
"96223394","18264.3","2019-03-11 00:13:01","2303","1445","755.58274701744","-32768","299","-32768","-32768","18048.332823493","5.0983991026818","0.81574385642908","3.2629754257163","103","87.8","79","23","91","14","6","2","840","198.83756500459","198.83756500459","37.3","3112","9534"
"96223395","18284.3","2019-03-12 02:52:15","2396","1487","729.07107168349","-32768","232","-32768","-32768","17946.36484144","5.0983991026818","0.81574385642908","3.5688793718772","102","93.3","79","35","79","28","11","5","840","197.81788518405","197.81788518405","37.3","767","9534"
"96219927","32327.4","2019-02-25 23:28:07","2335","1459","1321.5050474151","-32768","969","969","-32768","16314.877128582","6.3220148873254","1.12164780259","3.6708473539309","94","82.2","73","8","72","19","9","6","830","195.77852554298","193.73916590191","44.9","1654","J20150"
"95222554","14242.4","2019-02-11 02:35:49","2261","1567","688.28387886204","969","-32768","670","969","18150.300805547","6.7298868155399","1.0196798205363","3.7728153359845","93","85.7","78","12","79","25","12","8","840","195.77852554298","196.79820536352","37.9","998","9551"
"96223397","18324.3","2019-03-14 15:47:40","2407","1458","665.85092281024","-32768","256","-32768","-32768","17640.460895279","5.302335066789","0.81574385642908","3.5688793718772","104","91.9","83","27","91","29","17","12","840","198.83756500459","199.85724482512","36.9","3038","9534"
"95908638","17566.1","2019-02-01 11:11:10","2263","1566","905.47568063628","-32768","-32768","-32768","-32768","17742.428877333","5.7102069950036","1.2236157846436","3.8747833180381","93","81.3","76","39","79","24","13","8","840","192.71948608137","193.73916590191","36.8","88","9535"
"95908639","17586.1","2019-02-02 17:58:33","2259","1548","872.84592637912","-32768","-32768","932","-32768","17640.460895279","6.0161109411645","1.12164780259","3.8747833180381","94","81.2","78","19","88","22","14","8","840","192.71948608137","193.73916590191","37.2","219","9535"
"95908640","17606.1","2019-02-03 22:57:16","2243","1503","908.53472009789","-32768","-32768","-32768","-32768","17742.428877333","5.7102069950036","1.2236157846436","3.8747833180381","93","76.2","76","30","87","21","13","7","840","192.71948608137","194.75884572244","37.2","394","9535"
"95908641","17626.1","2019-02-05 02:47:59","2256","1564","956.4596716631","-32768","-32768","-32768","-32768","18252.268787601","6.0161109411645","1.2236157846436","3.9767513000918","91","83.2","74","27","78","12","4","0","850","193.73916590191","195.77852554298","37.2","1139","9535"
"95908642","17646.2","2019-02-06 08:17:39","2313","1594","985.01070663811","-32768","-32768","-32768","-32768","18252.268787601","5.9141429591108","1.3255837666973","4.3846232283063","91","85.8","74","35","76","12","3","0","850","191.69980626083","193.73916590191","37.7","256","9535"
"95908643","17666.2","2019-02-07 15:10:41","2260","1554","996.22718466401","-32768","-32768","-32768","-32768","18048.332823493","5.6082390129499","1.3255837666973","3.8747833180381","91","80.4","78","16","88","19","6","1","850","190.6801264403","193.73916590191","37.8","2926","9535"
"96223396","18304.3","2019-03-13 08:29:49","2351","1461","668.90996227185","-32768","148","-32768","-32768","17844.396859386","4.7924951565209","0.81574385642908","3.5688793718772","102","91.4","79","40","84","27","12","8","840","197.81788518405","198.83756500459","36.9","3849","9534"
"96223393","18244.3","2019-03-09 16:10:48","2340","1427","670.94932191292","-32768","315","-32768","-32768","17640.460895279","4.5885591924136","0.71377587437545","3.0590394616091","109","85.4","83","20","85","25","16","10","840","195.77852554298","197.81788518405","36.2","2493","9534"
"96223391","18201.9","2019-03-07 01:36:14","2270","1485","2389.1098195167","-32768","240","-32768","670","17436.524931172","4.9964311206281","0.71377587437545","2.5491995513409","115","90.9","78","9","86","28","12","7","840","197.81788518405","197.81788518405","37.2","3509","9534"
"96223392","18224.3","2019-03-08 09:32:55","2444","1479","712.75619455491","-32768","235","-32768","-32768","17742.428877333","4.2826552462527","0.81574385642908","2.9570714795554","108","88.4","78","38","80","20","13","8","840","196.79820536352","197.81788518405","35.9","732","9534"
"96219926","32307.3","2019-02-23 09:20:04","2298","1503","1309.2688895687","-32768","969","969","-32768","15397.165290099","6.2200469052717","1.0196798205363","3.5688793718772","96","90.8","76","9","78","19","10","1","830","195.77852554298","194.75884572244","39.3","1661","J20150"
"95908680","18406.9","2019-03-25 23:37:30","2351","1544","951.36127256041","-32768","-32768","932","-32768","17232.588967064","5.5062710308963","1.12164780259","3.7728153359845","99","89.4","83","32","80","28","20","17","840","194.75884572244","197.81788518405","37","285","9535"
"96223389","18161.9","2019-03-01 19:59:55","2270","1473","2443.1528500051","-32768","401","-32768","692","17232.588967064","4.3846232283063","0.71377587437545","2.9570714795554","111","90.7","78","43","82","20","12","7","830","195.77852554298","197.81788518405","37.2","74","9534"
"96223387","18121.8","2019-02-27 15:47:56","2311","1416","2374.8343020292","-32768","396","-32768","561","17436.524931172","5.302335066789","0.71377587437545","2.9570714795554","113","87.7","80","26","80","22","14","9","840","195.77852554298","197.81788518405","37.9","1544","9534"
"96223388","18141.8","2019-02-28 17:51:31","2267","1410","2468.6448455185","-32768","186","-32768","708","17028.653002957","4.3846232283063","0.71377587437545","2.9570714795554","111","81","81","41","92","21","16","11","830","195.77852554298","196.79820536352","37.2","227","9534"
"95908660","18006.5","2019-02-28 09:14:10","2362","1418","941.16447435505","-32768","-32768","935","-32768","17640.460895279","5.9141429591108","1.12164780259","3.8747833180381","96","80.3","81","25","80","24","16","9","830","197.81788518405","199.85724482512","36.7","1261","9535"
"95908661","18026.5","2019-03-01 11:09:26","2326","1527","964.61711022739","-32768","-32768","-32768","-32768","17436.524931172","5.6082390129499","1.12164780259","3.8747833180381","97","88.2","80","42","86","23","15","9","830","193.73916590191","195.77852554298","40.5","578","9535"
"96223381","18001.7","2019-02-20 06:39:07","2317","1489","2222.9020087692","-32768","100","-32768","681","17640.460895279","4.180687264199","0.71377587437545","2.4472315692872","118","91","76","38","79","16","9","3","840","197.81788518405","198.83756500459","36.7","1633","9534"
"95908679","18386.9","2019-03-24 18:34:38","2288","1465","923.82991740593","-32768","-32768","967","-32768","17742.428877333","5.7102069950036","1.12164780259","3.8747833180381","99","84.4","81","23","80","28","19","13","840","194.75884572244","197.81788518405","37.8","317","9535"
"95908678","18366.8","2019-03-23 10:21:26","2314","1512","965.63679004792","-32768","-32768","931","-32768","17946.36484144","6.2200469052717","1.2236157846436","4.0787192821454","96","89","78","12","79","27","13","7","840","195.77852554298","197.81788518405","38","1546","9535"
"95908677","18346.8","2019-03-20 15:45:54","2360","1460","942.18415417559","-32768","-32768","921","-32768","17742.428877333","5.5062710308963","1.2236157846436","3.9767513000918","97","86.8","79","36","79","26","14","8","840","194.75884572244","196.79820536352","37.8","994","9535"
"95908676","18326.8","2019-03-19 13:35:17","2323","1495","853.47200978893","-32768","-32768","-32768","-32768","17946.36484144","5.9141429591108","1.2236157846436","3.9767513000918","96","90.3","79","24","79","22","13","8","840","195.77852554298","197.81788518405","36.8","8","9535"
"96219925","32287.3","2019-02-21 21:44:42","2277","1471","1279.6981747731","-32768","969","969","-32768","14989.293361884","5.8121749770572","1.12164780259","3.6708473539309","93","87.6","75","27","73","19","6","1","840","194.75884572244","192.71948608137","38.3","1437","J20150"
"96219924","32267.3","2019-02-20 18:26:34","2296","1450","1301.1114510044","-32768","969","969","-32768","15091.261343938","6.2200469052717","1.2236157846436","3.6708473539309","93","86.7","80","12","81","18","7","2","830","195.77852554298","192.71948608137","38","5342","J20150"
"96219922","32227.2","2019-02-17 19:39:20","2310","1482","1500.9686958295","-32768","969","969","-32768","15499.133272153","6.2200469052717","1.2236157846436","3.9767513000918","94","79.8","77","19","74","17","11","5","830","195.77852554298","192.71948608137","38.6","1305","J20150"
"95908673","18266.7","2019-03-15 23:45:57","2279","1474","945.2431936372","-32768","-32768","-32768","-32768","17640.460895279","5.8121749770572","1.12164780259","3.8747833180381","98","86.2","82","25","87","24","18","12","840","193.73916590191","195.77852554298","36.4","64","9535"
"95908674","18286.8","2019-03-17 01:40:48","2435","1518","856.53104925053","-32768","-32768","946","-32768","17844.396859386","5.7102069950036","1.12164780259","3.8747833180381","99","93","81","40","80","26","17","10","840","194.75884572244","196.79820536352","37.8","26","9535"
"95908675","18306.8","2019-03-18 07:17:16","2348","1517","1021.7191801774","-32768","-32768","-32768","-32768","17844.396859386","5.8121749770572","1.12164780259","3.8747833180381","98","89.9","83","31","88","27","17","9","830","195.77852554298","197.81788518405","37.1","84","9535"
"96219921","32207.2","2019-02-16 10:17:44","2266","1531","1522.3819720608","-32768","969","969","-32768","14989.293361884","5.7102069950036","1.12164780259","3.6708473539309","95","82.7","77","32","78","21","13","7","830","197.81788518405","194.75884572244","38.2","695","J20150"
"95908664","18086.5","2019-03-04 23:40:22","2273","1450","1055.3686142551","-32768","-32768","969","-32768","17946.36484144","6.2200469052717","1.12164780259","3.8747833180381","97","81.1","80","19","79","25","15","8","840","195.77852554298","197.81788518405","37.9","995","9535"
"100803944","34438.1","2019-03-26 11:03:11","2422","1570","356.88793718772","-32768","969","969","943","15805.037218313","6.3220148873254","1.12164780259","3.6708473539309","100","102.6","85","25","85","25","19","13","840","205.97532374834","206.99500356888","37.7","517","J20141"
"95908672","18246.7","2019-03-14 18:53:57","2268","1499","928.92831650862","-32768","-32768","937","-32768","17844.396859386","6.0161109411645","1.12164780259","3.7728153359845","99","90.4","82","27","80","33","18","13","840","194.75884572244","196.79820536352","37","212","9535"
"95908671","18226.7","2019-03-13 14:06:31","2267","1512","896.29856225145","-32768","-32768","934","-32768","17742.428877333","5.302335066789","1.12164780259","3.7728153359845","96","88.2","78","41","79","24","14","10","840","194.75884572244","196.79820536352","37","1369","9535"
"95908670","18206.7","2019-03-12 10:40:54","2281","1462","929.94799632915","-32768","-32768","-32768","-32768","17946.36484144","5.4043030488427","1.12164780259","3.9767513000918","96","85.2","78","38","79","25","13","8","840","194.75884572244","196.79820536352","37.2","1262","9535"
"95908669","18186.7","2019-03-11 08:27:53","2298","1416","1062.5063729989","-32768","-32768","-32768","-32768","18252.268787601","5.8121749770572","1.2236157846436","4.180687264199","93","81.7","76","23","86","14","7","2","840","194.75884572244","196.79820536352","37.3","684","9535"
"95908666","18126.6","2019-03-07 11:10:08","2341","1505","978.8926277149","-32768","-32768","-32768","-32768","17742.428877333","5.8121749770572","1.12164780259","3.8747833180381","96","90.5","79","38","79","20","13","8","840","194.75884572244","197.81788518405","38.1","1206","9535"
"95908667","18146.6","2019-03-08 18:04:55","2343","1523","1077.8015703069","-32768","-32768","-32768","-32768","17640.460895279","5.9141429591108","1.2236157846436","4.0787192821454","98","90","82","38","81","25","15","9","840","194.75884572244","196.79820536352","37.8","2384","9535"
"95908655","17906.4","2019-02-22 09:03:13","2351","1499","1028.8569389212","-32768","-32768","-32768","-32768","18150.300805547","5.9141429591108","1.12164780259","3.9767513000918","96","86.6","78","18","89","20","7","2","840","193.73916590191","196.79820536352","37.3","751","9535"
"95908651","17826.3","2019-02-17 10:15:30","2399","1487","1024.778219639","-32768","-32768","-32768","-32768","17946.36484144","6.1180789232181","1.12164780259","3.8747833180381","92","80.5","79","21","88","20","13","5","840","192.71948608137","194.75884572244","38.3","26","9535"
"95908652","17846.3","2019-02-18 16:15:32","2406","1491","1008.4633425105","-32768","-32768","897","-32768","17946.36484144","6.0161109411645","1.12164780259","3.8747833180381","95","84.5","79","29","79","19","10","6","840","193.73916590191","195.77852554298","37.5","3018","9535"
"95908653","17866.4","2019-02-19 22:36:23","2329","1517","1003.3649434078","-32768","-32768","928","-32768","18048.332823493","6.0161109411645","1.12164780259","3.8747833180381","95","88.9","78","32","82","17","10","4","830","193.73916590191","195.77852554298","37.8","3098","9535"
"95908654","17886.4","2019-02-21 00:45:40","2344","1521","1032.9356582033","-32768","-32768","-32768","-32768","18048.332823493","5.6082390129499","1.2236157846436","3.8747833180381","95","90.2","76","35","79","17","6","2","840","193.73916590191","195.77852554298","37.4","478","9535"
"95908665","18106.6","2019-03-06 06:54:56","2331","1508","1038.034057306","-32768","-32768","-32768","-32768","17742.428877333","5.9141429591108","1.12164780259","3.7728153359845","96","86.6","78","30","80","20","12","8","840","194.75884572244","196.79820536352","38.9","41","9535"
"95908662","18046.5","2019-03-02 14:46:35","2278","1481","1005.4043030488","-32768","-32768","-32768","-32768","18048.332823493","5.6082390129499","1.12164780259","3.8747833180381","95","86.2","78","37","90","18","9","3","830","193.73916590191","195.77852554298","36.4","66","9535"
"95222547","14102.3","2019-02-01 02:54:31","2359","1519","701.53971652901","969","-32768","660","969","18456.204751708","6.3220148873254","1.12164780259","3.7728153359845","94","80.6","79","38","89","25","10","5","850","195.77852554298","195.77852554298","36.7","2541","9551"
"96219923","32247.2","2019-02-19 01:35:55","2338","1384","1185.8876312838","-32768","969","969","-32768","14989.293361884","6.0161109411645","1.12164780259","3.6708473539309","93","72.7","75","23","74","18","9","5","830","195.77852554298","192.71948608137","38.5","530","J20150"
"95908646","17726.2","2019-02-11 01:26:17","2273","1540","949.32191291934","-32768","-32768","-32768","-32768","17742.428877333","5.302335066789","1.12164780259","3.7728153359845","94","80.4","77","42","79","27","14","10","840","192.71948608137","194.75884572244","37.5","562","9535"
"95908658","17966.4","2019-02-25 19:12:52","2249","1429","915.67247884164","-32768","-32768","926","-32768","17742.428877333","5.302335066789","1.12164780259","3.8747833180381","95","80.1","78","33","84","19","11","7","840","196.79820536352","198.83756500459","37.4","2389","9535"
"95908656","17926.4","2019-02-23 14:55:52","2281","1476","1037.0143774855","-32768","-32768","928","-32768","17640.460895279","5.6082390129499","1.12164780259","3.9767513000918","95","85.4","77","25","79","21","12","7","840","193.73916590191","196.79820536352","38.3","470","9535"
"95908657","17946.4","2019-02-24 17:09:26","2245","1466","891.20016314877","-32768","-32768","-32768","-32768","17742.428877333","5.4043030488427","1.12164780259","3.8747833180381","95","83.3","78","33","82","20","12","8","840","195.77852554298","197.81788518405","37.1","1215","9535"
"100803938","34317.9","2019-03-14 23:24:55","2455","1531","371.16345467523","-32768","969","969","945","16212.909146528","6.0161109411645","1.0196798205363","3.5688793718772","103","104.9","87","27","86","31","18","13","840","203.93596410727","204.95564392781","37.3","123","J20141"
"95908663","18066.5","2019-03-03 17:05:21","2276","1430","922.8102375854","-32768","-32768","-32768","-32768","17946.36484144","5.6082390129499","1.12164780259","3.8747833180381","96","80.7","78","36","91","23","13","8","840","194.75884572244","196.79820536352","37.3","112","9535"
"95222556","14282.6","2019-02-16 15:52:55","2270","1453","820.84225553176","969","919","686","969","18558.172733762","6.7298868155399","1.12164780259","3.8747833180381","92","81.4","80","6","82","19","6","2","840","196.79820536352","196.79820536352","37.6","3780","9551"
"100803945","34458.2","2019-03-27 14:49:02","2429","1502","368.10441521362","-32768","969","969","956","15907.005200367","5.7102069950036","1.0196798205363","3.6708473539309","99","96.5","84","31","83","26","18","15","840","205.97532374834","205.97532374834","37.5","80","J20141"
"96223382","18021.7","2019-02-21 08:41:12","2271","1470","2478.8416437239","-32768","386","-32768","664","17742.428877333","4.2826552462527","0.71377587437545","2.5491995513409","115","85.2","76","35","87","16","4","1","850","195.77852554298","196.79820536352","36.4","1552","9534"
"96223380","17981.7","2019-02-19 01:43:35","2411","1403","2291.2205567452","-32768","321","-32768","670","17436.524931172","4.6905271744672","0.71377587437545","2.6511675333945","111","77.7","75","28","79","15","9","6","840","195.77852554298","196.79820536352","36.1","2657","9534"
"100803942","34398.1","2019-03-22 17:34:53","2391","1470","406.852248394","-32768","969","969","926","16416.845110635","6.5259508514327","1.0196798205363","3.7728153359845","99","96","82","15","83","28","14","7","840","204.95564392781","205.97532374834","38.3","2903","J20141"
"100803947","34498.2","2019-03-29 22:54:18","2451","1537","375.24217395738","-32768","969","969","938","16314.877128582","6.1180789232181","1.12164780259","3.6708473539309","98","104.3","83","27","83","25","15","9","850","205.97532374834","206.99500356888","37.3","1970","J20141"
"100803946","34478.2","2019-03-28 16:49:03","2409","1492","393.59641072703","-32768","969","969","952","16110.941164474","5.7102069950036","1.0196798205363","3.6708473539309","98","97.4","82","35","90","26","17","10","850","203.93596410727","204.95564392781","37.5","578","J20141"
"95908650","17806.3","2019-02-16 02:09:17","2322","1534","994.18782502294","-32768","-32768","921","-32768","17946.36484144","5.6082390129499","1.12164780259","3.8747833180381","94","81.9","79","40","88","22","13","7","840","192.71948608137","195.77852554298","38.3","121","9535"
"100803943","34418.1","2019-03-24 23:00:39","2451","1483","378.30121341899","-32768","969","969","962","17130.620985011","6.3220148873254","1.0196798205363","3.6708473539309","100","97.2","83","18","84","27","19","9","840","206.99500356888","208.01468338942","39","5545","J20141"
"95222572","14603.1","2019-03-17 02:20:12","2318","1540","700.52003670847","969","966","705","969","17946.36484144","6.0161109411645","1.0196798205363","3.5688793718772","101","93","87","43","84","26","17","10","840","195.77852554298","195.77852554298","36.9","122","9551"
"95908648","17766.3","2019-02-13 20:25:21","2334","1527","1205.261547874","-32768","-32768","-32768","-32768","18252.268787601","5.9141429591108","1.2236157846436","3.9767513000918","90","84.5","75","26","76","14","6","2","840","192.71948608137","195.77852554298","37.3","164","9535"
"95908645","17706.2","2019-02-09 23:46:23","2267","1580","933.00703579076","-32768","-32768","-32768","-32768","18048.332823493","5.5062710308963","1.2236157846436","3.8747833180381","93","80.7","76","41","78","23","12","7","840","192.71948608137","195.77852554298","38.4","653","9535"
"95222561","14382.9","2019-03-03 18:22:29","2265","1505","748.44498827368","969","943","684","969","18252.268787601","5.9141429591108","1.0196798205363","3.6708473539309","98","88.1","82","39","88","21","12","7","840","195.77852554298","195.77852554298","37.9","1421","9551"
"100803939","34338","2019-03-16 13:50:39","2449","1508","378.30121341899","-32768","969","969","949","16008.973182421","6.6279188334863","1.12164780259","3.5688793718772","106","100.3","88","23","92","27","17","11","840","206.99500356888","208.01468338942","37.1","1462","J20141"
"95908644","17686.2","2019-02-08 19:28:53","2302","1541","964.61711022739","-32768","-32768","-32768","-32768","17742.428877333","5.7102069950036","1.2236157846436","3.9767513000918","93","79.3","77","28","79","23","12","6","840","192.71948608137","194.75884572244","37.8","1604","9535"
"96223367","17721.5","2019-02-02 10:57:40","2224","1460","1882.3289487101","-32768","238","-32768","685","17028.653002957","5.0983991026818","0.81574385642908","3.2629754257163","106","81.7","78","20","78","19","12","7","840","196.79820536352","197.81788518405","37.5","8","9534"
"96223372","17821.6","2019-02-08 11:24:49","2325","1461","1905.7815845824","-32768","372","-32768","544","17538.492913225","5.302335066789","0.81574385642908","3.36494340777","102","83.7","77","15","79","19","8","1","850","197.81788518405","198.83756500459","37.7","2965","9534"
"96223368","17741.5","2019-02-03 16:08:46","2218","1499","1830.3252778627","-32768","298","-32768","687","17028.653002957","4.6905271744672","0.81574385642908","3.2629754257163","107","84.3","78","31","78","28","14","9","840","195.77852554298","197.81788518405","36.3","851","9534"
"96223371","17801.5","2019-02-06 22:33:19","2241","1487","1853.7779137351","-32768","100","-32768","659","17436.524931172","4.6905271744672","0.81574385642908","3.36494340777","102","83.2","75","35","77","20","4","0","850","197.81788518405","198.83756500459","36.6","1259","9534"
"100803937","34297.9","2019-03-13 16:04:36","2383","1520","371.16345467523","-32768","969","969","936","16110.941164474","5.302335066789","1.0196798205363","3.6708473539309","99","100.7","83","43","84","25","14","10","840","203.93596410727","204.95564392781","37.7","261","J20141"
"100803936","34277.9","2019-03-12 14:01:45","2325","1500","393.59641072703","-32768","969","969","913","16518.813092689","5.4043030488427","1.0196798205363","3.6708473539309","99","99.1","83","38","83","22","13","8","840","203.93596410727","203.93596410727","37.1","905","J20141"
"95908649","17786.3","2019-02-15 00:03:11","2351","1440","1052.3095747935","-32768","-32768","919","-32768","18150.300805547","5.7102069950036","1.2236157846436","3.8747833180381","92","75.7","76","37","78","22","10","5","850","192.71948608137","194.75884572244","36.9","113","9535"
"100803935","34257.9","2019-03-11 10:26:47","2410","1487","383.39961252167","-32768","969","969","951","16518.813092689","6.1180789232181","1.12164780259","3.7728153359845","95","97.7","79","36","88","16","8","4","840","204.95564392781","205.97532374834","37.9","2283","J20141"
"100803934","34237.9","2019-03-10 07:55:18","2418","1517","407.87192821454","-32768","969","969","968","16518.813092689","5.9141429591108","1.0196798205363","3.6708473539309","99","98","84","18","97","24","10","2","840","204.95564392781","205.97532374834","38.2","796","J20141"
"100803933","34217.9","2019-03-08 20:35:12","2435","1496","363.00601611094","-32768","969","969","918","16416.845110635","5.9141429591108","1.0196798205363","3.5688793718772","102","97.3","87","36","85","23","15","9","840","204.95564392781","206.99500356888","37.3","916","J20141"
"100803932","34197.8","2019-03-07 18:07:45","2358","1496","406.852248394","-32768","969","969","-32768","16212.909146528","5.8121749770572","1.0196798205363","3.6708473539309","98","98.3","82","35","83","25","14","10","840","203.93596410727","204.95564392781","38.2","231","J20141"
"95222581","14783.3","2019-03-28 15:46:15","2298","1487","660.75252370756","969","932","708","969","17640.460895279","5.4043030488427","1.0196798205363","3.6708473539309","100","87.4","86","36","83","26","17","10","850","195.77852554298","195.77852554298","38.5","1330","9551"
"100803930","34157.8","2019-03-05 11:43:51","2317","1447","411.95064749669","-32768","969","969","922","16518.813092689","6.1180789232181","1.0196798205363","3.6708473539309","99","93.6","83","29","84","22","14","9","840","204.95564392781","205.97532374834","37.1","1205","J20141"
"96219931","32407.4","2019-03-02 18:14:45","2240","1503","1447.9453451616","-32768","909","-32768","-32768","16722.749056796","5.6082390129499","1.12164780259","3.6708473539309","97","89.6","78","30","89","18","9","2","820","195.77852554298","193.73916590191","38.3","326","J20150"
"100803929","34137.8","2019-03-04 06:08:03","2403","1512","398.69480982971","-32768","969","969","910","16518.813092689","6.2200469052717","1.0196798205363","3.6708473539309","99","100.7","82","22","95","19","12","8","840","204.95564392781","205.97532374834","37.9","146","J20141"
"100803927","34097.8","2019-03-01 17:05:37","2434","1515","405.83256857347","-32768","969","969","959","16416.845110635","6.0161109411645","1.12164780259","3.7728153359845","99","101.1","83","43","94","21","14","9","830","204.95564392781","204.95564392781","38.9","61","J20141"
